_id,ltable_id,rtable_id,ltable_name,ltable_release_year,ltable_director,ltable_actors,ltable_runtime,rtable_name,rtable_release_year,rtable_director,rtable_actors,rtable_runtime,label
9390,a2067,b358,romancing the stone,1984,Robert Zemeckis,Michael Douglas Kathleen Turner Danny DeVito Zack Norman,106,back to the future,1985,Robert Zemeckis,Christopher Lloyd Michael J. Fox,116,0
30209,a2001,b1337,logan lucky,2017,Steven Soderbergh,Channing Tatum Adam Driver Daniel Craig Farrah Mackenzie,118,logan lucky,2017,Steven Soderbergh,Adam Driver Boden Johnston Channing Tatum Daniel Craig David Denman Farrah Mackenzie Hilary Swank Jim O'Heir Katherine Waterston Katie Holmes Rebecca Koon Riley Keough Sebastian Stan Seth MacFarlane Sutton Johnston,118,1
35947,a46,b1572,guardians of the galaxy,2014,James Gunn,Chris Pratt Vin Diesel Bradley Cooper Zoe Saldana,121,guardians of the galaxy,2014,James Gunn,Bradley Cooper Chris Pratt Dave Bautista Lee Pace Vin Diesel Zoe Saldana,121,1
60383,a973,b2681,the darjeeling limited,2007,Wes Anderson,Owen Wilson Adrien Brody Jason Schwartzman Amara Karan,91,the darjeeling limited,2007,Wes Anderson,Adrien Brody Jason Schwartzman Owen Wilson,91,1
63103,a3013,b2812,stuart little 2,2002,Rob Minkoff,Michael J. Fox Geena Davis Hugh Laurie Jonathan Lipnicki,77,stuart little 2,2002,Rob Minkoff,Geena Davis Michael J. Fox,77,1
834,a285,b30,beauty and the beast,1991,Gary Trousdale Kirk Wise,Paige O'Hara Robby Benson Jesse Corti Rex Everhart,84,beauty and the beast,1991,Gary Trousdale Kirk Wise,Paige O'Hara Robby Benson,84,1
40930,a2687,b1778,win win,2011,Tom McCarthy,Paul Giamatti Amy Ryan Jeffrey Tambor Bobby Cannavale,106,win win,2011,Thomas McCarthy,Amy Ryan Jeffrey Tambor Paul Giamatti,106,1
66229,a1852,b2935,another earth,2011,Mike Cahill,Brit Marling William Mapother Matthew-Lee Erlbach DJ Flava,92,another earth,2011,Mike Cahill,Brit Marling William Mapother,92,1
17161,a2,b757,the dark knight,2008,Christopher Nolan,Christian Bale Heath Ledger Aaron Eckhart Michael Caine,152,the dark knight,2008,Christopher Nolan,Aaron Eckhart Christian Bale Heath Ledger,152,1
16515,a1879,b722,the muppets,2011,James Bobin,Amy Adams Jason Segel Chris Cooper Rashida Jones,103,the spectacular now,2013,James Ponsoldt,Andre Royo Bob Odenkirk Brie Larson Jennifer Jason Leigh Kyle Chandler Mary Elizabeth Winstead Miles Teller Shailene Woodley,95,0
28013,a1219,b1257,punch drunk love,2002,Paul Thomas Anderson,Adam Sandler Emily Watson Philip Seymour Hoffman Jason Andrews,95,punch drunk love,2002,Paul Thomas Anderson,Adam Sandler Emily Watson,95,1
29035,a257,b1292,harry potter and the half blood prince,2009,David Yates,Daniel Radcliffe Emma Watson Rupert Grint Michael Gambon,153,harry potter and the half blood prince,2009,David Yates,Daniel Radcliffe Emma Watson Rupert Grint,153,1
52020,a256,b2292,john wick,2014,Chad Stahelski David Leitch,Keanu Reeves Michael Nyqvist Alfie Allen Willem Dafoe,101,end of watch,2012,David Ayer,America Ferrera Anna Kendrick Jake Gyllenhaal Michael Peña,109,0
37156,a2311,b1614,midnight special,2016,Jeff Nichols,Michael Shannon Joel Edgerton Kirsten Dunst Adam Driver,112,midnight special,2016,Jeff Nichols,,112,1
18241,a1274,b811,four weddings and a funeral,1994,Mike Newell,Hugh Grant Andie MacDowell James Fleet Simon Callow,117,four weddings and a funeral,1994,Mike Newell,Andie MacDowell Hugh Grant,117,1
42701,a197,b1870,minority report,2002,Steven Spielberg,Tom Cruise Colin Farrell Samantha Morton Max von Sydow,145,catch me if you can,2002,Steven Spielberg,Christopher Walken Leonardo DiCaprio Tom Hanks,141,0
63494,a2291,b2830,a perfect world,1993,Clint Eastwood,Kevin Costner Clint Eastwood Laura Dern T.J. Lowther,138,the bridges of madison county,1995,Clint Eastwood,Clint Eastwood Meryl Streep,135,0
45843,a364,b2044,brave,2012,Mark Andrews Brenda Chapman Steve Purcell,Kelly Macdonald Billy Connolly Emma Thompson Julie Walters,93,brave,2012,Brenda Chapman Mark Andrews Steve Purcell,Billy Connolly Craig Ferguson Emma Thompson Julie Walters Kelly Macdonald Kevin McKidd Robbie Coltrane,93,1
16548,a2075,b726,the celebration,1998,Thomas Vinterberg,Ulrich Thomsen Henning Moritzen Thomas Bo Larsen Paprika Steen,105,the celebration,1998,Thomas Vinterberg,Henning Moritzen Ulrich Thomsen,105,1
3265,a1236,b118,winter s bone,2010,Debra Granik,Jennifer Lawrence John Hawkes Garret Dillahunt Isaiah Stone,100,winter s bone,2010,Debra Granik,Garret Dillahunt Jennifer Lawrence John Hawkes,100,1
22011,a689,b998,the sting,1973,George Roy Hill,Paul Newman Robert Redford Robert Shaw Charles Durning,129,the sting,1973,George Roy Hill,Paul Newman Robert Redford,129,1
47176,a478,b2105,there s something about mary,1998,Bobby Farrelly Peter Farrelly,Cameron Diaz Matt Dillon Ben Stiller Lee Evans,119,there s something about mary,1998,Bobby Farrelly Peter Farrelly,Ben Stiller Cameron Diaz,119,1
27759,a577,b1239,hellboy ii  the golden army,2008,Guillermo del Toro,Ron Perlman Selma Blair Doug Jones John Alexander,120,hellboy ii  the golden army,2008,Guillermo del Toro,Doug Jones Ron Perlman Selma Blair,120,1
11328,a1048,b473,the iron giant,1999,Brad Bird,Eli Marienthal Harry Connick Jr. Jennifer Aniston Vin Diesel,86,the iron giant,1999,Brad Bird,Eli Marienthal Harry Connick Jr.,86,1
3689,a586,b141,almost famous,2000,Cameron Crowe,Billy Crudup Patrick Fugit Kate Hudson Frances McDormand,122,almost famous,2000,Cameron Crowe,Billy Crudup,122,1
58960,a676,b2616,enemy of the state,1998,Tony Scott,Will Smith Gene Hackman Jon Voight Lisa Bonet,132,enemy of the state,1998,Tony Scott,Gene Hackman Will Smith,132,1
1795,a907,b51,sideways,2004,Alexander Payne,Paul Giamatti Thomas Haden Church Virginia Madsen Sandra Oh,126,sideways,2004,Alexander Payne,Paul Giamatti Sandra Oh Thomas Haden Church Virginia Madsen,126,1
47268,a3038,b2110,high plains drifter,1973,Clint Eastwood,Clint Eastwood Verna Bloom Marianna Hill Mitchell Ryan,105,high plains drifter,1973,Clint Eastwood,Billy Curtis Clint Eastwood Geoffrey Lewis Jack Ging Marianna Hill Mitch Ryan Scott Walker Stefan Gierasch Ted Hartley Verna Bloom,105,1
10130,a58,b398,raiders of the lost ark,1981,Steven Spielberg,Harrison Ford Karen Allen Paul Freeman John Rhys-Davies,115,raiders of the lost ark,1981,Steven Spielberg,Harrison Ford John Rhys-Davies Karen Allen Paul Freeman,115,1
26621,a93,b1195,black swan,2010,Darren Aronofsky,Natalie Portman Mila Kunis Vincent Cassel Winona Ryder,108,black swan,2010,Darren Aronofsky,Mila Kunis Natalie Portman Vincent Cassel Winona Ryder,108,1
57757,a2317,b2552,fatal attraction,1987,Adrian Lyne,Michael Douglas Glenn Close Anne Archer Ellen Latzen,119,fatal attraction,1987,Adrian Lyne,Anne Archer Glenn Close Michael Douglas,119,1
12525,a616,b545,the descendants,2011,Alexander Payne,George Clooney Shailene Woodley Amara Miller Nick Krause,115,the descendants,2011,Alexander Payne,,115,1
13001,a947,b575,adaptation ,2002,Spike Jonze,Nicolas Cage Meryl Streep Chris Cooper Tilda Swinton,114,adaptation ,2002,Spike Jonze,Chris Cooper Meryl Streep Nicolas Cage,114,1
20150,a2624,b902,sabotage,2014,David Ayer,Arnold Schwarzenegger Sam Worthington Terrence Howard Olivia Williams,109,starred up,2014,David Mackenzie,Ben Mendelsohn Jack O'Connell Rupert Friend Sam Spruell,106,0
48164,a2894,b2149,the adventures of baron munchausen,1988,Terry Gilliam,John Neville Eric Idle Sarah Polley Oliver Reed,126,the adventures of baron munchausen,1989,Terry Gilliam,Eric Idle John Neville,126,1
66482,a256,b2947,john wick,2014,Chad Stahelski David Leitch,Keanu Reeves Michael Nyqvist Alfie Allen Willem Dafoe,101,premium rush,2012,David Koepp,Joseph Gordon-Levitt Michael Shannon,91,0
39256,a2673,b1713,top secret ,1984,Jim Abrahams David Zucker Jerry Zucker,Val Kilmer Lucy Gutteridge Peter Cushing Jeremy Kemp,90,lucas,1986,David Seltzer,Charlie Sheen Ciro Poppiti Corey Haim Courtney Thorne-Smith Guy Boyd Jeremy Piven Kerri Green Kevin Wixted Tom Hodges Winona Ryder,100,0
61623,a2608,b2738,the witches of eastwick,1987,George Miller,Jack Nicholson Cher Susan Sarandon Michelle Pfeiffer,118,the witches of eastwick,1987,George Miller,Cher Jack Nicholson Michelle Pfeiffer Susan Sarandon,118,1
45800,a903,b2044,shame,2011,Steve McQueen,Michael Fassbender Carey Mulligan James Badge Dale Lucy Walters,101,brave,2012,Brenda Chapman Mark Andrews Steve Purcell,Billy Connolly Craig Ferguson Emma Thompson Julie Walters Kelly Macdonald Kevin McKidd Robbie Coltrane,93,0
26890,a564,b1206,28 weeks later,2007,Juan Carlos Fresnadillo,Jeremy Renner Rose Byrne Robert Carlyle Harold Perrineau,100,28 weeks later,2007,Juan Carlos Fresnadillo,Jeremy Renner Robert Carlyle Rose Byrne,99,1
41437,a2363,b1812,lady vengeance,2005,Chan-wook Park,Yeong-ae Lee Min-sik Choi Shi-hoo Kim Yea-young Kwon,115,lady vengeance,2006,Chan-wook Park,,112,1
4123,a2220,b151,collateral damage,2002,Andrew Davis,Arnold Schwarzenegger John Leguizamo Francesca Neri Elias Koteas,108,capturing the friedmans,2003,Andrew Jarecki,Arnold Friedman David Friedman Elaine Friedman Jesse Friedman,107,0
53980,a2505,b2393,scary movie 5,2013,Malcolm D. Lee David Zucker,Simon Rex Ashley Tisdale Charlie Sheen Lindsay Lohan,86,girl model,2012,Ashley Sabin David Redmon,Ashley Arbaugh Rachel Blais,78,0
24692,a628,b1122,changeling,2008,Clint Eastwood,Angelina Jolie Colm Feore Amy Ryan Gattlin Griffith,141,flags of our fathers,2006,Clint Eastwood,Adam Beach Barry Pepper Jesse Bradford Ryan Phillippe,132,0
7756,a854,b292,the shape of water,2017,Guillermo del Toro,Sally Hawkins Octavia Spencer Michael Shannon Doug Jones,123,the shape of water,2017,Guillermo del Toro,Cyndy Day David Hewlett Doug Jones John Kapelos Lauren Lee Smith Michael Shannon Michael Stuhlbarg Morgan Kelly Nick Searcy Nigel Bennett Octavia Spencer Richard Jenkins Sally Hawkins Stewart Arnott,123,1
31,a2633,b3,to catch a thief,1955,Alfred Hitchcock,Cary Grant Grace Kelly Jessie Royce Landis John Williams,106,rear window,1954,Alfred Hitchcock,Frank Cady Georgine Darcy Grace Kelly James Stewart Judith Evelyn Raymond Burr Ross Bagdasarian Sara Berner Thelma Ritter Wendell Corey,112,0
23194,a2695,b1063,time bandits,1981,Terry Gilliam,Sean Connery Shelley Duvall John Cleese Katherine Helmond,110,time bandits,1981,Terry Gilliam,David Rappaport David Warner Ian Holm John Cleese Katherine Helmond Michael Palin Peter Vaughan Ralph Richardson Sean Connery Shelley Duvall,116,1
41619,a1042,b1822,the heat,2013,Paul Feig,Sandra Bullock Michael McDonald Melissa McCarthy Demián Bichir,117,spy,2015,Paul Feig,Jason Statham Jude Law Melissa McCarthy Rose Byrne,119,0
56816,a406,b2509,moon,2009,Duncan Jones,Sam Rockwell Kevin Spacey Dominique McElligott Rosie Shaw,97,moon,2009,Duncan Jones,Sam Rockwell,97,1
10601,a141,b439,fargo,1996,Joel Coen Ethan Coen,William H. Macy Frances McDormand Steve Buscemi Peter Stormare,98,fargo,1996,Ethan Coen Joel Coen,Frances McDormand Steve Buscemi William H. Macy,98,1
46366,a1998,b2060,the bling ring,2013,Sofia Coppola,Katie Chang Israel Broussard Emma Watson Claire Julien,90,palo alto,2014,Gia Coppola,Emma Roberts Jack Kilmer James Franco Nat Wolff Zoe Levin,100,0
18157,a793,b810,master and commander  the far side of the world,2003,Peter Weir,Russell Crowe Paul Bettany Billy Boyd James D'Arcy,138,master and commander  the far side of the world,2003,Peter Weir,James D'Arcy Paul Bettany Russell Crowe,138,1
44834,a2600,b1986,the invitation,2015,Karyn Kusama,Logan Marshall-Green Emayatzy Corinealdi Michiel Huisman Tammy Blanchard,100,the invitation,2016,Karyn Kusama,Emayatzy E. Corinealdi Logan Marshall-Green Michiel Huisman Tammy Blanchard,100,1
15660,a379,b678,127 hours,2010,Danny Boyle,James Franco Amber Tamblyn Kate Mara Sean Bott,94,127 hours,2010,Danny Boyle,Amber Tamblyn James Franco Kate Mara,94,1
13847,a180,b607,spider man 2,2004,Sam Raimi,Tobey Maguire Kirsten Dunst Alfred Molina James Franco,127,spider man 2,2004,Sam Raimi,Alfred Molina Kirsten Dunst Tobey Maguire,127,1
643,a951,b24,rosemary s baby,1968,Roman Polanski,Mia Farrow John Cassavetes Ruth Gordon Sidney Blackmer,137,rosemary s baby,1968,Roman Polanski,John Cassavetes Mia Farrow,137,1
42096,a29,b1846,the wolf of wall street,2013,Martin Scorsese,Leonardo DiCaprio Jonah Hill Margot Robbie Matthew McConaughey,180,the wolf of wall street,2013,Martin Scorsese,Cristin Milioti Ethan Suplee Jean Dujardin Jon Bernthal Jon Favreau Jonah Hill Kyle Chandler Leonardo DiCaprio Margot Robbie Matthew McConaughey Rob Reiner Spike Jonze,180,1
18414,a1091,b820,coco,2017,Lee Unkrich Adrian Molina,Anthony Gonzalez Gael García Bernal Benjamin Bratt Alanna Ubach,105,coco,2017,Adrian Molina Lee Unkrich,Alanna Ubach Alfonso Arau Anthony Gonzalez Benjamin Bratt Cheech Marin Edward James Olmos Gabriel Iglesias Gael García Bernal Herbert Siguenza Jaime Camil John Ratzenberger Lombardo Boyar Natalia Cordova-Buckley Renee Victor Selene Luna Sofía Espinosa,105,1
24752,a2603,b1131,wings of desire,1987,Wim Wenders,Bruno Ganz Solveig Dommartin Otto Sander Curt Bois,128,wings of desire,1988,Wim Wenders,Bruno Ganz Curt Bois Otto Sander Peter Falk Solveig Dommartin,128,1
44804,a2788,b1978,tristan   isolde,2006,Kevin Reynolds,James Franco Sophia Myles Rufus Sewell David O'Hara,125,the last king of scotland,2006,Kevin Macdonald,Forest Whitaker Gillian Anderson James McAvoy,123,0
7848,a370,b296,moneyball,2011,Bennett Miller,Brad Pitt Robin Wright Jonah Hill Philip Seymour Hoffman,133,moneyball,2011,Bennett Miller,Brad Pitt Jonah Hill Robin Wright,133,1
34270,a1304,b1502,a christmas story,1983,Bob Clark,Peter Billingsley Melinda Dillon Darren McGavin Scott Schwartz,94,a christmas story,1983,Bob Clark,Peter Billingsley,94,1
51299,a80,b2275,requiem for a dream,2000,Darren Aronofsky,Ellen Burstyn Jared Leto Jennifer Connelly Marlon Wayans,102,requiem for a dream,2000,Darren Aronofsky,Ellen Burstyn Jared Leto,102,1
57702,a149,b2547,ted,2012,Seth MacFarlane,Mark Wahlberg Mila Kunis Seth MacFarlane Joel McHale,106,this is the end,2013,Evan Goldberg Seth Rogen,Craig Robinson Danny McBride Emma Watson James Franco Jay Baruchel Jonah Hill Michael Cera Mindy Kaling Paul Rudd Seth Rogen,107,0
38429,a281,b1679,nightcrawler,2014,Dan Gilroy,Jake Gyllenhaal Rene Russo Bill Paxton Riz Ahmed,118,nightcrawler,2014,Dan Gilroy,Bill Paxton Jake Gyllenhaal Rene Russo,117,1
20327,a101,b920,silver linings playbook,2012,David O. Russell,Bradley Cooper Jennifer Lawrence Robert De Niro Jacki Weaver,122,silver linings playbook,2012,David O. Russell,Bradley Cooper Chris Tucker Jacki Weaver Jennifer Lawrence Julia Stiles Robert De Niro,122,1
591,a2089,b19,american graffiti,1973,George Lucas,Richard Dreyfuss Ron Howard Paul Le Mat Charles Martin Smith,110,american graffiti,1973,George Lucas,Bo Hopkins Candy Clark Charles Martin Smith Cindy Williams Mackenzie Phillips Manuel Padilla Jr. Paul Le Mat Richard Dreyfuss Ron Howard Wolfman Jack,110,1
63520,a2987,b2832,frantic,1988,Roman Polanski,Harrison Ford Betty Buckley Emmanuelle Seigner Djiby Soumare,120,frantic,1988,Roman Polanski,Alain Doutey Betty Buckley Djiby Soumare Dominique Virton Emmanuelle Seigner Gérard Klein Harrison Ford Jacques Ciron Laurent Spielvogel Stéphane D'Audeville,120,1
33335,a2374,b1464,saturday night fever,1977,John Badham,John Travolta Karen Lynn Gorney Barry Miller Joseph Cali,118,saturday night fever,1977,John Badham,John Travolta,118,1
7558,a2061,b287,rebel without a cause,1955,Nicholas Ray,James Dean Natalie Wood Sal Mineo Jim Backus,111,rebel without a cause,1955,Nicholas Ray,Ann Doran Corey Allen Dennis Hopper Edward Platt James Dean Jim Backus Natalie Wood Rochelle Hudson Sal Mineo William Hopper,111,1
15127,a452,b649,mulholland dr ,2001,David Lynch,Naomi Watts Laura Harring Justin Theroux Jeanne Bates,147,mulholland dr ,2001,David Lynch,Justin Theroux Laura Harring Naomi Watts,147,1
6020,a1005,b228,hell or high water,2016,David Mackenzie,Chris Pine Ben Foster Jeff Bridges Gil Birmingham,102,hell or high water,2016,David Mackenzie,,102,1
44719,a491,b1972,serenity,2005,Joss Whedon,Nathan Fillion Gina Torres Chiwetel Ejiofor Alan Tudyk,119,serenity,2005,Joss Whedon,Chiwetel Ejiofor Gina Torres Nathan Fillion,119,1
65079,a1413,b2900,hairspray,2007,Adam Shankman,John Travolta Queen Latifah Nikki Blonsky Michelle Pfeiffer,117,talladega nights  the ballad of ricky bobby,2006,Adam McKay,John C. Reilly Will Ferrell,108,0
18469,a1376,b821,locke,2013,Steven Knight,Tom Hardy Olivia Colman Ruth Wilson Andrew Scott,85,locke,2014,Steven Knight,Tom Hardy,85,1
46180,a291,b2055,live free or die hard,2007,Len Wiseman,Bruce Willis Justin Long Timothy Olyphant Maggie Q,128,live free or die hard,2007,Len Wiseman,Bruce Willis Justin Long Timothy Olyphant,128,1
32027,a632,b1411,8 mile,2002,Curtis Hanson,Eminem Brittany Murphy Kim Basinger Mekhi Phifer,110,8 mile,2002,Curtis Hanson,Brittany Murphy Eminem Kim Basinger Mekhi Phifer,110,1
10540,a3013,b431,stuart little 2,2002,Rob Minkoff,Michael J. Fox Geena Davis Hugh Laurie Jonathan Lipnicki,77,this is spinal tap  re release ,2000,Rob Reiner,Christopher Guest Michael McKean Rob Reiner,82,0
66469,a1472,b2947,premium rush,2012,David Koepp,Joseph Gordon-Levitt Michael Shannon Dania Ramirez Sean Kennedy,91,premium rush,2012,David Koepp,Joseph Gordon-Levitt Michael Shannon,91,1
37959,a1454,b1669,what we do in the shadows,2014,Jemaine Clement Taika Waititi,Jemaine Clement Taika Waititi Cori Gonzalez-Macuer Jonny Brugh,86,what we do in the shadows,2015,Jemaine Clement Taika Waititi,Cori Gonzalez-Macuer Jemaine Clement Jonathan Brugh Taika Waititi,86,1
38414,a1011,b1678,mud,2012,Jeff Nichols,Matthew McConaughey Tye Sheridan Jacob Lofland Sam Shepard,130,mud,2013,Jeff Nichols,Jacob Lofland Matthew McConaughey Michael Shannon Reese Witherspoon Sam Shepard Sarah Paulson Tye Sheridan,130,1
26776,a1594,b1199,only god forgives,2013,Nicolas Winding Refn,Ryan Gosling Kristin Scott Thomas Vithaya Pansringarm Gordon Brown,90,drive,2011,Nicolas Winding Refn,Bryan Cranston Carey Mulligan Ryan Gosling,100,0
64458,a494,b2867,the transporter,2002,Louis Leterrier Corey Yuen,Jason Statham Qi Shu Matt Schulze François Berléand,92,so close,2003,Corey Yuen,Karen Mok Qi Shu Wei Zhao,0,0
24671,a2014,b1119,annihilation,2018,Alex Garland,Natalie Portman Jennifer Jason Leigh Tessa Thompson Benedict Wong,115,annihilation,2018,Alex Garland,Benedict Wong Cosmo Jarvis David Gyasi Edward Mannering Gina Rodriguez Honey Holmes Jennifer Jason Leigh John Schwab Natalie Portman Oscar Isaac Sonoya Mizuno Tessa Thompson Tuva Novotny,115,1
42705,a81,b1870,catch me if you can,2002,Steven Spielberg,Leonardo DiCaprio Tom Hanks Christopher Walken Martin Sheen,141,catch me if you can,2002,Steven Spielberg,Christopher Walken Leonardo DiCaprio Tom Hanks,141,1
41638,a702,b1822,spy,2015,Paul Feig,Melissa McCarthy Rose Byrne Jude Law Jason Statham,119,spy,2015,Paul Feig,Jason Statham Jude Law Melissa McCarthy Rose Byrne,119,1
57324,a590,b2526,annie hall,1977,Woody Allen,Woody Allen Diane Keaton Tony Roberts Carol Kane,93,interiors,1978,Woody Allen,Diane Keaton Geraldine Page,93,0
16999,a2954,b739,rachel getting married,2008,Jonathan Demme,Anne Hathaway Rosemarie DeWitt Debra Winger Sebastian Stan,113,rachel getting married,2008,Jonathan Demme,Anne Hathaway Rosemarie DeWitt,113,1
45652,a1217,b2036,never let me go,2010,Mark Romanek,Keira Knightley Carey Mulligan Andrew Garfield Izzy Meikle-Small,103,never let me go,2010,Mark Romanek,Andrew Garfield Carey Mulligan Keira Knightley,103,1
5001,a654,b188,the artist,2011,Michel Hazanavicius,Jean Dujardin Bérénice Bejo John Goodman James Cromwell,100,the artist,2011,Michel Hazanavicius,,100,1
24688,a1392,b1122,flags of our fathers,2006,Clint Eastwood,Ryan Phillippe Barry Pepper Joseph Cross Jesse Bradford,135,flags of our fathers,2006,Clint Eastwood,Adam Beach Barry Pepper Jesse Bradford Ryan Phillippe,132,1
53600,a2389,b2380,europa report,2013,Sebastián Cordero,Sharlto Copley Michael Nyqvist Christian Camargo Embeth Davidtz,90,europa report,2013,Sebastián Cordero,Anamaria Marinca Christian Camargo Dan Fogler Daniel Wu Embeth Davidtz Isiah Whitlock Jr Karolina Wydra Michael Nyqvist Sharlto Copley,90,1
49884,a351,b2200,the devil wears prada,2006,David Frankel,Anne Hathaway Meryl Streep Adrian Grenier Emily Blunt,109,redbelt,2008,David Mamet,Chiwetel Ejiofor Emily Mortimer,99,0
21029,a1406,b957,incendies,2010,Denis Villeneuve,Lubna Azabal Mélissa Désormeaux-Poulin Maxim Gaudette Mustafa Kamel,131,incendies,2011,Denis Villeneuve,,130,1
18857,a2622,b846,fish tank,2009,Andrea Arnold,Katie Jarvis Michael Fassbender Kierston Wareing Rebecca Griffiths,123,fish tank,2010,Andrea Arnold,Katie Jarvis Kierston Wareing,123,1
47668,a802,b2126,death race,2008,Paul W.S. Anderson,Jason Statham Joan Allen Tyrese Gibson Ian McShane,105,american hardcore,2006,Paul Rachman,Ian MacKaye,100,0
5094,a111,b192,blade runner,1982,Ridley Scott,Harrison Ford Rutger Hauer Sean Young Edward James Olmos,117,blade runner,1982,Ridley Scott,Harrison Ford Rutger Hauer Sean Young,117,1
59648,a2389,b2646,europa report,2013,Sebastián Cordero,Sharlto Copley Michael Nyqvist Christian Camargo Embeth Davidtz,90,crystal fairy   the magical cactus,2013,Sebastián Silva,Agustín Silva Gaby Hoffmann Jos Juan Andr Michael Cera,98,0
5678,a110,b214,the grand budapest hotel,2014,Wes Anderson,Ralph Fiennes F. Murray Abraham Mathieu Amalric Adrien Brody,99,the grand budapest hotel,2014,Wes Anderson,Adrien Brody Bill Murray Edward Norton F. Murray Abraham Harvey Keitel Jeff Goldblum Jude Law Léa Seydoux Mathieu Amalric Ralph Fiennes Saoirse Ronan Willem Dafoe,100,1
22666,a1346,b1032,mad max beyond thunderdome,1985,George Miller George Ogilvie,Mel Gibson Tina Turner Bruce Spence Adam Cockburn,107,mad max beyond thunderdome,1985,George Miller George Ogilvie,Mel Gibson Tina Turner,107,1
11175,a1895,b464,the host,2006,Joon-ho Bong,Kang-ho Song Hee-Bong Byun Hae-il Park Doona Bae,120,the host,2007,Joon-ho Bong,Hae-il Park Hie-bong Byeon Kang-ho Song,119,1
43450,a1377,b1907,mother ,2017,Darren Aronofsky,Jennifer Lawrence Javier Bardem Ed Harris Michelle Pfeiffer,121,mother ,2017,Darren Aronofsky,Amanda Chiu Brian Gleeson Domhnall Gleeson Ed Harris Eric Davis Javier Bardem Jennifer Lawrence Jovan Adepo Kristen Wiig Michelle Pfeiffer Patricia Summersett Stefan Simchowitz Stephen McHattie,121,1
6936,a2506,b254,superman iii,1983,Richard Lester,Christopher Reeve Richard Pryor Margot Kidder Jackie Cooper,125,superman ii,1981,Richard Donner Richard Lester,Christopher Reeve Gene Hackman Margot Kidder,127,0
64421,a2804,b2864,blood father,2016,Jean-François Richet,Mel Gibson Erin Moriarty Diego Luna Michael Parks,88,blood father,2016,Jean-François Richet,,88,1
349,a510,b11,north by northwest,1959,Alfred Hitchcock,Cary Grant Eva Marie Saint James Mason Jessie Royce Landis,136,north by northwest,1959,Alfred Hitchcock,Adam Williams Cary Grant Edward Platt Eva Marie Saint James Mason Jessie Royce Landis Josephine Hutchinson Leo G. Carroll Martin Landau Philip Ober,136,1
56046,a1909,b2469,bedtime stories,2008,Adam Shankman,Adam Sandler Keri Russell Courteney Cox Guy Pearce,99,awesome  i fuckin  shot that ,2006,Adam Yauch,Adam Horovitz Adam Yauch Mike D,90,0
12122,a269,b525,mystic river,2003,Clint Eastwood,Sean Penn Tim Robbins Kevin Bacon Emmy Rossum,138,mystic river,2003,Clint Eastwood,Emmy Rossum Kevin Bacon Laura Linney Laurence Fishburne Sean Penn Tim Robbins,138,1
26777,a163,b1199,drive,2011,Nicolas Winding Refn,Ryan Gosling Carey Mulligan Bryan Cranston Albert Brooks,100,drive,2011,Nicolas Winding Refn,Bryan Cranston Carey Mulligan Ryan Gosling,100,1
38327,a304,b1676,american gangster,2007,Ridley Scott,Denzel Washington Russell Crowe Chiwetel Ejiofor Josh Brolin,157,american gangster,2007,Ridley Scott,Denzel Washington Russell Crowe,157,1
16696,a1168,b733,steve jobs,2015,Danny Boyle,Michael Fassbender Kate Winslet Seth Rogen Jeff Daniels,122,steve jobs,2015,Danny Boyle,Jeff Daniels Kate Winslet Michael Fassbender Seth Rogen,122,1
33639,a626,b1473,jagten,2012,Thomas Vinterberg,Mads Mikkelsen Thomas Bo Larsen Annika Wedderkopp Lasse Fogelstrøm,115,the hunt,2013,Thomas Vinterberg,Alexandra Rapaport Anne Louise Hassing Annika Wedderkopp Lars Ranthe Lasse Fogelstr Mads Mikkelsen Ole Dupont Susse Wold Thomas Bo Larsen,115,0
464,a2469,b14,my left foot,1989,Jim Sheridan,Daniel Day-Lewis Brenda Fricker Alison Whelan Kirsten Sheridan,103,my left foot,1990,Jim Sheridan,Brenda Fricker Daniel Day-Lewis,103,1
14298,a860,b627,drag me to hell,2009,Sam Raimi,Alison Lohman Justin Long Ruth Livier Lorna Raver,99,drag me to hell,2009,Sam Raimi,Alison Lohman Justin Long Ruth Livier,99,1
475,a522,b15,gone with the wind,1939,Victor Fleming George Cukor Sam Wood,Clark Gable Vivien Leigh Thomas Mitchell Barbara O'Neil,238,gone with the wind,1940,George Cukor Sam Wood Victor Fleming,Vivien Leigh,238,1
63163,a1338,b2816,miller s crossing,1990,Joel Coen Ethan Coen,Gabriel Byrne Albert Finney John Turturro Marcia Gay Harden,115,miller s crossing,1990,Ethan Coen Joel Coen,Albert Finney Gabriel Byrne John Turturro,115,1
58210,a690,b2567,robocop,1987,Paul Verhoeven,Peter Weller Nancy Allen Dan O'Herlihy Ronny Cox,102,robocop,1987,Paul Verhoeven,Nancy Allen Peter Weller,102,1
48174,a2498,b2150,the outlaw josey wales,1976,Clint Eastwood,Clint Eastwood Sondra Locke Chief Dan George Bill McKinney,135,the outlaw josey wales,1976,Clint Eastwood,Bill McKinney Chief Dan George Clint Eastwood Geraldine Keams John Vernon Joyce Jameson Paula Trueman Sam Bottoms Sondra Locke Woodrow Parfrey,135,1
36001,a1348,b1574,roman holiday,1953,William Wyler,Gregory Peck Audrey Hepburn Eddie Albert Hartley Power,118,roman holiday,1953,William Wyler,Audrey Hepburn Eddie Albert Gregory Peck,118,1
22846,a1191,b1042,young frankenstein,1974,Mel Brooks,Gene Wilder Madeline Kahn Marty Feldman Peter Boyle,106,young frankenstein,1974,Mel Brooks,Gene Wilder Madeline Kahn Marty Feldman,106,1
20019,a1692,b899,bonnie and clyde,1967,Arthur Penn,Warren Beatty Faye Dunaway Michael J. Pollard Gene Hackman,111,bonnie and clyde,1967,Arthur Penn,Faye Dunaway Warren Beatty,112,1
58006,a2187,b2559,stir of echoes,1999,David Koepp,Kevin Bacon Zachary David Cope Kathryn Erbe Illeana Douglas,99,stir of echoes,1999,David Koepp,Kevin Bacon,99,1
4413,a294,b158,lost in translation,2003,Sofia Coppola,Bill Murray Scarlett Johansson Giovanni Ribisi Anna Faris,102,lost in translation,2003,Sofia Coppola,Bill Murray Giovanni Ribisi Scarlett Johansson,102,1
13998,a2716,b616,animal kingdom,2010,David Michôd,James Frecheville Guy Pearce Joel Edgerton Bryce Lindemann,113,animal kingdom,2010,David Michôd,Guy Pearce James Frecheville Joel Edgerton,113,1
46686,a1187,b2084,evil dead ii,1987,Sam Raimi,Bruce Campbell Sarah Berry Dan Hicks Kassie Wesley DePaiva,84,evil dead ii,1987,Sam Raimi,Bruce Campbell Sarah Berry,84,1
56158,a1670,b2478,neighbors 2  sorority rising,2016,Nicholas Stoller,Seth Rogen Rose Byrne Zac Efron Chloë Grace Moretz,92,neighbors,2014,Nicholas Stoller,Lisa Kudrow Rose Byrne Seth Rogen Zac Efron,97,0
27060,a2902,b1219,head on,2004,Fatih Akin,Birol Ünel Sibel Kekilli Güven Kiraç Zarah Jane McKenzie,121,head on,2005,Fatih Akin,Birol Ünel Sibel Kekilli,121,1
5607,a735,b210,three billboards outside ebbing  missouri,2017,Martin McDonagh,Frances McDormand Woody Harrelson Sam Rockwell Caleb Landry Jones,115,three billboards outside ebbing  missouri,2017,Martin McDonagh,Abbie Cornish Alejandro Barrios Caleb Landry Jones Clarke Peters Darrell Britt-Gibson Frances McDormand Jason Redford John Hawkes Kathryn Newton Kerry Condon Lucas Hedges Peter Dinklage Riya May Atwood Sam Rockwell Samara Weaving Woody Harrelson Zeljko Ivanek,115,1
54749,a186,b2424,x2,2003,Bryan Singer,Patrick Stewart Hugh Jackman Halle Berry Ian McKellen,134,x2  x men united,2003,Bryan Singer,Anna Paquin Brian Cox Halle Berry Hugh Jackman Ian McKellen Patrick Stewart,133,1
52070,a969,b2299,twister,1996,Jan de Bont,Helen Hunt Bill Paxton Cary Elwes Jami Gertz,113,twister,1996,Jan de Bont,Bill Paxton Helen Hunt,113,1
55817,a941,b2456,fracture,2007,Gregory Hoblit,Anthony Hopkins Ryan Gosling David Strathairn Rosamund Pike,113,fracture,2007,Gregory Hoblit,Anthony Hopkins David Strathairn Ryan Gosling,113,1
65094,a1051,b2900,talladega nights  the ballad of ricky bobby,2006,Adam McKay,Will Ferrell John C. Reilly Sacha Baron Cohen Gary Cole,108,talladega nights  the ballad of ricky bobby,2006,Adam McKay,John C. Reilly Will Ferrell,108,1
25415,a2006,b1153,only lovers left alive,2013,Jim Jarmusch,Tilda Swinton Tom Hiddleston Mia Wasikowska John Hurt,123,only lovers left alive,2014,Jim Jarmusch,Anton Yelchin Jeffrey Wright John Hurt Mia Wasikowska Tilda Swinton Tom Hiddleston,123,1
38206,a2940,b1674,rabbit hole,2010,John Cameron Mitchell,Nicole Kidman Aaron Eckhart Dianne Wiest Miles Teller,91,rabbit hole,2010,John Cameron Mitchell,Aaron Eckhart Dianne Wiest Nicole Kidman,91,1
5025,a44,b191,goodfellas,1990,Martin Scorsese,Robert De Niro Ray Liotta Joe Pesci Lorraine Bracco,146,goodfellas,1990,Martin Scorsese,Joe Pesci Lorraine Bracco Paul Sorvino Ray Liotta Robert De Niro,146,1
37624,a2205,b1645,annabelle  creation,2017,David F. Sandberg,Anthony LaPaglia Samara Lee Miranda Otto Brad Greenquist,109,stronger,2017,David Gordon Green,Acei Martin Bennett Deady Brina Carlos Sanz Clancy Brown Danny McCarthy Frankie Shaw J.P. Valenti Jake Gyllenhaal John Pollono Kate Fitzgerald Lenny Clarke Maggie Castle Michelle Romano Miranda Richardson Nate Richman Owen Burke Patty O'Neil Richard Lane Jr. Tatiana Maslany,119,0
66289,a327,b2941,furious 6,2013,Justin Lin,Vin Diesel Paul Walker Dwayne Johnson Michelle Rodriguez,130,fast five,2011,Justin Lin,Dwayne Johnson Paul Walker Vin Diesel,130,0
62511,a1373,b2785,crimson peak,2015,Guillermo del Toro,Mia Wasikowska Jessica Chastain Tom Hiddleston Charlie Hunnam,119,crimson peak,2015,Guillermo del Toro,Charlie Hunnam Jessica Chastain Mia Wasikowska Tom Hiddleston,119,1
62504,a1684,b2784,julie   julia,2009,Nora Ephron,Amy Adams Meryl Streep Chris Messina Stanley Tucci,118,julie   julia,2009,Nora Ephron,Amy Adams Chris Messina Meryl Streep,123,1
61752,a3005,b2754,gold,2016,Stephen Gaghan,Matthew McConaughey Edgar Ramírez Bryce Dallas Howard Corey Stoll,120,wonder,2017,Stephen Chbosky,Ali Liebert Bryce Gheisar Crystal Lowe Danielle Rose Russell Daveed Diggs Emma Tremblay Izabela Vidovic Jacob Tremblay Jennifer March Julia Roberts Mandy Patinkin Mark Dozlaw Nadji Jeter Noah Jupe Owen Wilson Rukiya Bernard Sonia Braga Steve Bacic,113,0
19749,a665,b893,the blair witch project,1999,Daniel Myrick Eduardo Sánchez,Heather Donahue Michael C. Williams Joshua Leonard Bob Griffin,81,the blair witch project,1999,Daniel Myrick Eduardo Sánchez,Heather Donahue Joshua Leonard Michael C. Williams,81,1
20294,a109,b913,district 9,2009,Neill Blomkamp,Sharlto Copley David James Jason Cope Nathalie Boltt,112,district 9,2009,Neill Blomkamp,Jason Cope Sharlto Copley,112,1
4927,a341,b181,it s a wonderful life,1946,Frank Capra,James Stewart Donna Reed Lionel Barrymore Thomas Mitchell,130,it s a wonderful life,1947,Frank Capra,Donna Reed James Stewart,130,1
7403,a426,b283,brokeback mountain,2005,Ang Lee,Jake Gyllenhaal Heath Ledger Michelle Williams Randy Quaid,134,brokeback mountain,2005,Ang Lee,Heath Ledger Jake Gyllenhaal Michelle Williams,134,1
2412,a2337,b78,the king of comedy,1982,Martin Scorsese,Robert De Niro Jerry Lewis Diahnne Abbott Sandra Bernhard,109,raging bull,1980,Martin Scorsese,Cathy Moriarty Joe Pesci Robert De Niro,0,0
66180,a71,b2934,the hobbit  an unexpected journey,2012,Peter Jackson,Martin Freeman Ian McKellen Richard Armitage Andy Serkis,169,the hobbit  the desolation of smaug,2013,Peter Jackson,Dean O'Gorman Elijah Wood Graham McTavish Ian McKellen James Nesbitt Ken Stott Martin Freeman Richard Armitage Stephen Hunter William Kircher,161,0
324,a760,b9,moonlight,2016,Barry Jenkins,Mahershala Ali Naomie Harris Trevante Rhodes Alex R. Hibbert,111,moonlight,2016,Barry Jenkins,Alex R. Hibbert Ashton Sanders Duan Sanderson Herman 'Caheei McGloun Jaden Piner Janelle Monáe Mahershala Ali Naomie Harris Shariff Earp,111,1
41149,a2658,b1794,bernie,2011,Richard Linklater,Jack Black Shirley MacLaine Matthew McConaughey Brady Coleman,104,bernie,2012,Richard Linklater,Jack Black Matthew McConaughey Shirley MacLaine,104,1
42768,a914,b1872,side effects,2013,Steven Soderbergh,Rooney Mara Channing Tatum Jude Law Catherine Zeta-Jones,106,side effects,2013,Steven Soderbergh,Catherine Zeta Jones Channing Tatum Jude Law Rooney Mara,106,1
28355,a807,b1262,halloween,1978,John Carpenter,Donald Pleasence Jamie Lee Curtis Tony Moran Nancy Kyes,91,halloween,1978,John Carpenter,Donald Pleasence Jamie Lee Curtis Tony Moran,91,1
346,a408,b11,vertigo,1958,Alfred Hitchcock,James Stewart Kim Novak Barbara Bel Geddes Tom Helmore,128,north by northwest,1959,Alfred Hitchcock,Adam Williams Cary Grant Edward Platt Eva Marie Saint James Mason Jessie Royce Landis Josephine Hutchinson Leo G. Carroll Martin Landau Philip Ober,136,0
14860,a1456,b643,babe,1995,Chris Noonan,James Cromwell Magda Szubanski Christine Cavanaugh Miriam Margolyes,91,babe,1995,Chris Noonan,Christine Cavanaugh James Cromwell Magda Szubanski,89,1
50236,a814,b2210,i love you  man,2009,John Hamburg,Paul Rudd Jason Segel Rashida Jones Sarah Burns,105,the company men,2011,John Wells,Ben Affleck Chris Cooper Tommy Lee Jones,109,0
14055,a442,b616,pineapple express,2008,David Gordon Green,Seth Rogen James Franco Gary Cole Danny McBride,111,animal kingdom,2010,David Michôd,Guy Pearce James Frecheville Joel Edgerton,113,0
66494,a2077,b2950,the straight story,1999,David Lynch,Richard Farnsworth Sissy Spacek Jane Galloway Heitz Joseph A. Carpenter,112,damsel,0,David Zellner Nathan Zellner,David Wingo David Zellner Gabe Casdorph Joseph Billingiere Mia Wasikowska Morgan Lund Nathan Zellner Ray Kelleher Robert Forster Robert Pattinson,113,0
12650,a259,b558,dallas buyers club,2013,Jean-Marc Vallée,Matthew McConaughey Jennifer Garner Jared Leto Steve Zahn,117,dallas buyers club,2013,Jean-Marc Vallée,Griffin Dunne Jared Leto Jennifer Garner Matthew McConaughey Steve Zahn,117,1
1954,a1488,b54,lady bird,2017,Greta Gerwig,Saoirse Ronan Laurie Metcalf Tracy Letts Lucas Hedges,94,lady bird,2017,Greta Gerwig,Andy Buckley Beanie Feldstein Danielle Macdonald Jake McDorman Jordan Rodrigues Kathryn Newton Kristen Cloke Laura Marano Laurie Metcalf Lois Smith Lucas Hedges Odeya Rush Saoirse Ronan Stephen Henderson Timoth Tracy Letts,94,1
6342,a171,b237,birdman or  the unexpected virtue of ignorance ,2014,Alejandro G. Iñárritu,Michael Keaton Zach Galifianakis Edward Norton Andrea Riseborough,119,birdman or  the unexpected virtue of ignorance ,2014,Alejandro González Iñárritu,Amy Ryan Andrea Riseborough Edward Norton Emma Stone Michael Keaton Naomi Watts Zach Galifianakis,119,1
1787,a176,b50,inside out,2015,Pete Docter Ronnie Del Carmen,Amy Poehler Bill Hader Lewis Black Mindy Kaling,95,inside out,2015,Pete Docter Ronaldo Del Carmen,Amy Poehler Bill Hader Lewis Black Mindy Kaling Phyllis Smith,94,1
50180,a2679,b2210,takers,2010,John Luessenhop,Chris Brown Hayden Christensen Matt Dillon Michael Ealy,107,the company men,2011,John Wells,Ben Affleck Chris Cooper Tommy Lee Jones,109,0
820,a77,b28,gravity,2013,Alfonso Cuarón,Sandra Bullock George Clooney Ed Harris Orto Ignatiussen,91,gravity,2013,Alfonso Cuarón,George Clooney Sandra Bullock,91,1
35207,a524,b1549,donnie brasco,1997,Mike Newell,Al Pacino Johnny Depp Michael Madsen Bruno Kirby,127,donnie brasco,1997,Mike Newell,Al Pacino Johnny Depp,127,1
24918,a2492,b1135,beasts of no nation,2015,Cary Joji Fukunaga,Abraham Attah Emmanuel Affadzi Ricky Adelayitor Andrew Adote,137,beasts of no nation,2015,Cary Fukunaga,,137,1
5901,a118,b227,the king s speech,2010,Tom Hooper,Colin Firth Geoffrey Rush Helena Bonham Carter Derek Jacobi,118,the king s speech,2010,Tom Hooper,Colin Firth Geoffrey Rush Helena Bonham Carter,118,1
50051,a203,b2209,rocky,1976,John G. Avildsen,Sylvester Stallone Talia Shire Burt Young Carl Weathers,120,rocky,1976,John G. Avildsen,Sylvester Stallone Talia Shire,120,1
26025,a338,b1167,dead poets society,1989,Peter Weir,Robin Williams Robert Sean Leonard Ethan Hawke Josh Charles,128,dead poets society,1989,Peter Weir,Ethan Hawke Robert Sean Leonard Robin Williams,128,1
8178,a612,b311,lincoln,2012,Steven Spielberg,Daniel Day-Lewis Sally Field David Strathairn Joseph Gordon-Levitt,150,lincoln,2012,Steven Spielberg,Daniel Day-Lewis,150,1
53417,a2460,b2365,spawn,1997,Mark A.Z. Dippé,Michael Jai White John Leguizamo Martin Sheen Theresa Randle,96,little voice,1998,Mark Herman,Brenda Blethyn Jane Horrocks Michael Caine,97,0
38505,a1893,b1681,the last emperor,1987,Bernardo Bertolucci,John Lone Joan Chen Peter O'Toole Ruocheng Ying,163,the last emperor,1987,Bernardo Bertolucci,Joan Chen John Lone Peter O'Toole,163,1
67855,a536,b2995,pitch perfect,2012,Jason Moore,Anna Kendrick Brittany Snow Rebel Wilson Anna Camp,112,pitch perfect,2012,Jason Moore,Anna Camp Anna Kendrick Brittany Snow Rebel Wilson,112,1
64119,a2457,b2843,christine,1983,John Carpenter,Keith Gordon John Stockwell Alexandra Paul Robert Prosky,110,blue thunder,1983,John Badham,Candy Clark Daniel Stern David Sheiner Ed Bernard Jason Bernard Joe Santos Malcolm McDowell Paul Roebling Roy Scheider Warren Oates,109,0
62075,a1865,b2761,the girl who played with fire,2009,Daniel Alfredson,Noomi Rapace Michael Nyqvist Lena Endre Peter Andersson,129,the girl who played with fire,2010,Daniel Alfredson,Michael Nyqvist Noomi Rapace,129,1
17185,a1725,b758,memories of murder,2003,Joon-ho Bong,Kang-ho Song Sang-kyung Kim Roe-ha Kim Jae-ho Song,132,memories of murder,2005,Joon-ho Bong,,132,1
64600,a74,b2871,snatch,2000,Guy Ritchie,Jason Statham Brad Pitt Benicio Del Toro Dennis Farina,102,lock  stock and two smoking barrels,1999,Guy Ritchie,Dexter Fletcher Jason Flemyng,107,0
46474,a926,b2069,cinderella man,2005,Ron Howard,Russell Crowe Renée Zellweger Craig Bierko Paul Giamatti,144,cinderella man,2005,Ron Howard,Craig Bierko Renée Zellweger Russell Crowe,144,1
67073,a2757,b2964,the sisterhood of the traveling pants,2005,Ken Kwapis,Amber Tamblyn Alexis Bledel America Ferrera Blake Lively,119,the sisterhood of the traveling pants,2005,Ken Kwapis,Alexis Bledel Amber Tamblyn America Ferrera Blake Lively,119,1
22114,a1762,b1008,all the president s men,1976,Alan J. Pakula,Dustin Hoffman Robert Redford Jack Warden Martin Balsam,138,all the president s men,1976,Alan J. Pakula,Dustin Hoffman Hal Holbrook Jack Warden Jane Alexander Jason Robards Martin Balsam Meredith Baxter Ned Beatty Robert Redford Stephen Collins,138,1
41183,a547,b1796,bridesmaids,2011,Paul Feig,Kristen Wiig Maya Rudolph Rose Byrne Terry Crews,125,bridesmaids,2011,Paul Feig,Kristen Wiig Maya Rudolph Rose Byrne,125,1
4819,a349,b173,borat  cultural learnings of america for make benefit glorious nation of kazakhstan,2006,Larry Charles,Sacha Baron Cohen Ken Davitian Luenell Chester,84,borat  cultural learnings of america for make benefit glorious nation of kazakhstan,2006,Larry Charles,Ken Davitian Sacha Baron Cohen,84,1
38633,a1616,b1694,the manchurian candidate,2004,Jonathan Demme,Denzel Washington Liev Schreiber Meryl Streep Kimberly Elise,129,the manchurian candidate,2004,Jonathan Demme,Denzel Washington Liev Schreiber,129,1
61722,a2053,b2753,world trade center,2006,Oliver Stone,Nicolas Cage Michael Peña Maria Bello Maggie Gyllenhaal,129,world trade center,2006,Oliver Stone,Maria Bello Michael Peña Nicolas Cage,129,1
42814,a1279,b1872,magic mike,2012,Steven Soderbergh,Channing Tatum Alex Pettyfer Olivia Munn Matthew McConaughey,110,side effects,2013,Steven Soderbergh,Catherine Zeta Jones Channing Tatum Jude Law Rooney Mara,106,0
17912,a669,b797,eastern promises,2007,David Cronenberg,Naomi Watts Viggo Mortensen Armin Mueller-Stahl Josef Altin,100,a history of violence,2005,David Cronenberg,Ed Harris Maria Bello Viggo Mortensen,96,0
11146,a625,b460,atonement,2007,Joe Wright,Keira Knightley James McAvoy Brenda Blethyn Saoirse Ronan,123,atonement,2007,Joe Wright,Brenda Blethyn James McAvoy Keira Knightley,123,1
64977,a850,b2887,cloudy with a chance of meatballs,2009,Phil Lord Christopher Miller,Anna Faris Bill Hader Bruce Campbell James Caan,90,cloudy with a chance of meatballs,2009,Chris Miller Phil Lord,Anna Faris Bill Hader Bruce Campbell,90,1
5834,a972,b226,chicken run,2000,Peter Lord Nick Park,Mel Gibson Julia Sawalha Phil Daniels Lynn Ferguson,84,chicken run,2000,Nick Park Peter Lord,Julia Sawalha Mel Gibson,84,1
44976,a192,b1992,ocean s eleven,2001,Steven Soderbergh,George Clooney Brad Pitt Julia Roberts Matt Damon,116,ocean s eleven,2001,Steven Soderbergh,Brad Pitt George Clooney,116,1
57706,a987,b2547,a million ways to die in the west,2014,Seth MacFarlane,Seth MacFarlane Charlize Theron Liam Neeson Amanda Seyfried,116,this is the end,2013,Evan Goldberg Seth Rogen,Craig Robinson Danny McBride Emma Watson James Franco Jay Baruchel Jonah Hill Michael Cera Mindy Kaling Paul Rudd Seth Rogen,107,0
59134,a965,b2617,ronin,1998,John Frankenheimer,Robert De Niro Jean Reno Natascha McElhone Stellan Skarsgård,122,ronin,1998,John Frankenheimer,Jean Reno Natascha McElhone Robert De Niro,122,1
41310,a1879,b1799,the muppets,2011,James Bobin,Amy Adams Jason Segel Chris Cooper Rashida Jones,103,the muppets,2011,James Bobin,,98,1
9345,a38,b358,back to the future,1985,Robert Zemeckis,Michael J. Fox Christopher Lloyd Lea Thompson Crispin Glover,116,back to the future,1985,Robert Zemeckis,Christopher Lloyd Michael J. Fox,116,1
39631,a2227,b1726,frank,2014,Lenny Abrahamson,Michael Fassbender Domhnall Gleeson Maggie Gyllenhaal Moira Brooker,95,frank,2014,Lenny Abrahamson,Domhnall Gleeson Maggie Gyllenhaal Michael Fassbender,95,1
61580,a1720,b2735,ruby sparks,2012,Jonathan Dayton Valerie Faris,Paul Dano Zoe Kazan Annette Bening Antonio Banderas,104,ruby sparks,2012,Jonathan Dayton Valerie Faris,Annette Bening Antonio Banderas Paul Dano Zoe Kazan,104,1
9784,a1087,b380,superman,1978,Richard Donner,Christopher Reeve Margot Kidder Gene Hackman Marlon Brando,143,superman,1978,Richard Donner,Christopher Reeve Gene Hackman Margot Kidder,143,1
38256,a1183,b1675,the last of the mohicans,1992,Michael Mann,Daniel Day-Lewis Madeleine Stowe Russell Means Eric Schweig,112,the last of the mohicans,1992,Michael Mann,Daniel Day-Lewis Madeleine Stowe,112,1
62539,a103,b2788,captain america  the first avenger,2011,Joe Johnston,Chris Evans Hugo Weaving Samuel L. Jackson Hayley Atwell,124,captain america  the first avenger,2011,Joe Johnston,Chris Evans Hugo Weaving,125,1
38692,a1173,b1697,the naked gun  from the files of police squad ,1988,David Zucker,Leslie Nielsen Priscilla Presley O.J. Simpson Ricardo Montalban,85,the naked gun  from the files of police squad ,1988,David Zucker,Leslie Nielsen O.J. Simpson Priscilla Presley,85,1
52491,a1911,b2315,the founder,2016,John Lee Hancock,Michael Keaton Nick Offerman John Carroll Lynch Linda Cardellini,115,the homesman,2014,Tommy Lee Jones,David Dencik Grace Gummer Hilary Swank James Spader John Lithgow Miranda Otto Sonja Richter Tim Blake Nelson Tommy Lee Jones,122,0
9602,a1971,b371,inherent vice,2014,Paul Thomas Anderson,Joaquin Phoenix Josh Brolin Owen Wilson Katherine Waterston,148,the master,2012,Paul Thomas Anderson,Amy Adams Jesse Plemons Joaquin Phoenix Philip Seymour Hoffman,144,0
1311,a45,b40,wall  e,2008,Andrew Stanton,Ben Burtt Elissa Knight Jeff Garlin Fred Willard,98,wall e,2008,Andrew Stanton,Ben Burtt Elissa Knight Jeff Garlin,98,1
20686,a1355,b937,the hours,2002,Stephen Daldry,Meryl Streep Nicole Kidman Julianne Moore Stephen Dillane,110,the hours,2002,Stephen Daldry,Julianne Moore Meryl Streep Nicole Kidman,114,1
15832,a1482,b688,leaving las vegas,1995,Mike Figgis,Nicolas Cage Elisabeth Shue Julian Sands Richard Lewis,111,leaving las vegas,1995,Mike Figgis,Elisabeth Shue Nicolas Cage,111,1
17037,a751,b744,chicago,2002,Rob Marshall,Renée Zellweger Catherine Zeta-Jones Richard Gere Taye Diggs,113,chicago,2002,Rob Marshall,Catherine Zeta Jones Renée Zellweger Richard Gere,113,1
16103,a505,b704,the nightmare before christmas,1993,Henry Selick,Danny Elfman Chris Sarandon Catherine O'Hara William Hickey,76,the nightmare before christmas,1993,Henry Selick,Catherine O'Hara Chris Sarandon Danny Elfman William Hickey,76,1
64602,a179,b2871,lock  stock and two smoking barrels,1998,Guy Ritchie,Jason Flemyng Dexter Fletcher Nick Moran Jason Statham,107,lock  stock and two smoking barrels,1999,Guy Ritchie,Dexter Fletcher Jason Flemyng,107,1
18109,a201,b805,arrival,2016,Denis Villeneuve,Amy Adams Jeremy Renner Forest Whitaker Michael Stuhlbarg,116,arrival,2016,Denis Villeneuve,Amy Adams Forest Whitaker Jeremy Renner Michael Stuhlbarg,116,1
30393,a3049,b1352,my own private idaho,1991,Gus Van Sant,River Phoenix Keanu Reeves James Russo William Richert,104,my own private idaho,1991,Gus Van Sant,Keanu Reeves River Phoenix,104,1
25629,a537,b1159,the untouchables,1987,Brian De Palma,Kevin Costner Sean Connery Robert De Niro Charles Martin Smith,119,the untouchables,1987,Brian De Palma,Kevin Costner Robert De Niro Sean Connery,119,1
57454,a2212,b2534,synecdoche  new york,2008,Charlie Kaufman,Philip Seymour Hoffman Samantha Morton Michelle Williams Catherine Keener,124,synecdoche  new york,2008,Charlie Kaufman,Michelle Williams Philip Seymour Hoffman Samantha Morton,124,1
6032,a557,b230,the fugitive,1993,Andrew Davis,Harrison Ford Tommy Lee Jones Sela Ward Julianne Moore,130,the fugitive,1993,Andrew Davis,Harrison Ford Tommy Lee Jones,130,1
39032,a759,b1701,the girl with the dragon tattoo,2009,Niels Arden Oplev,Michael Nyqvist Noomi Rapace Ewa Fröling Lena Endre,152,the girl with the dragon tattoo,2010,Niels Arden Oplev,Ewa Fröling Michael Nyqvist Noomi Rapace,152,1
30153,a1098,b1334,dazed and confused,1993,Richard Linklater,Jason London Wiley Wiggins Matthew McConaughey Rory Cochrane,102,dazed and confused,1993,Richard Linklater,Jason London Matthew McConaughey Rory Cochrane Wiley Wiggins,102,1
14765,a114,b641,kill bill  vol  2,2004,Quentin Tarantino,Uma Thurman David Carradine Michael Madsen Daryl Hannah,137,kill bill  vol  2,2004,Quentin Tarantino,Daryl Hannah David Carradine Michael Madsen Uma Thurman,136,1
10590,a1935,b437,half nelson,2006,Ryan Fleck,Ryan Gosling Anthony Mackie Shareeka Epps Jeff Lima,106,half nelson,2006,Ryan Fleck,Ryan Gosling Shareeka Epps,106,1
58450,a2182,b2587,stay,2005,Marc Forster,Ewan McGregor Naomi Watts Ryan Gosling Kate Burton,99,finding neverland,2004,Marc Forster,Johnny Depp Julie Christie Kate Winslet,106,0
33,a280,b3,rear window,1954,Alfred Hitchcock,James Stewart Grace Kelly Wendell Corey Thelma Ritter,112,rear window,1954,Alfred Hitchcock,Frank Cady Georgine Darcy Grace Kelly James Stewart Judith Evelyn Raymond Burr Ross Bagdasarian Sara Berner Thelma Ritter Wendell Corey,112,1
55629,a631,b2445,the place beyond the pines,2012,Derek Cianfrance,Ryan Gosling Bradley Cooper Eva Mendes Craig Van Hook,140,the place beyond the pines,2013,Derek Cianfrance,Bradley Cooper Eva Mendes Ryan Gosling,140,1
1195,a132,b34,the social network,2010,David Fincher,Jesse Eisenberg Andrew Garfield Justin Timberlake Rooney Mara,120,the social network,2010,David Fincher,Andrew Garfield Jesse Eisenberg Justin Timberlake,120,1
15847,a908,b689,war for the planet of the apes,2017,Matt Reeves,Andy Serkis Woody Harrelson Steve Zahn Karin Konoval,140,war for the planet of the apes,2017,Matt Reeves,Amiah Miller Andy Serkis Gabriel Chavarria Karin Konoval Michael Adamthwaite Steve Zahn Terry Notary Toby Kebbell Ty Olsson Woody Harrelson,140,1
28919,a254,b1287,ex machina,2014,Alex Garland,Alicia Vikander Domhnall Gleeson Oscar Isaac Sonoya Mizuno,108,ex machina,2015,Alex Garland,Alicia Vikander Domhnall Gleeson Oscar Isaac Sonoya Mizuno,108,1
31981,a1552,b1408,the butler,2013,Lee Daniels,Forest Whitaker Oprah Winfrey John Cusack Jane Fonda,132,chi raq,2015,Spike Lee,Angela Bassett D.B. Sweeney David Patrick Kelly Jennifer Hudson John Cusack Nick Cannon Samuel L. Jackson Teyonah Parris Wesley Snipes,127,0
2544,a1303,b85,manhattan,1979,Woody Allen,Woody Allen Diane Keaton Mariel Hemingway Michael Murphy,96,annie hall,1977,Woody Allen,Diane Keaton Woody Allen,93,0
12146,a173,b527,looper,2012,Rian Johnson,Joseph Gordon-Levitt Bruce Willis Emily Blunt Paul Dano,113,looper,2012,Rian Johnson,Bruce Willis Emily Blunt Garret Dillahunt Jeff Daniels Joseph Gordon-Levitt Noah Segan Paul Dano Piper Perabo,119,1
28541,a2571,b1275,the lost city of z,2016,James Gray,Charlie Hunnam Robert Pattinson Sienna Miller Tom Holland,141,the lost city of z,2017,James Gray,Charlie Hunnam Robert Pattinson Sienna Miller Tom Holland,141,1
10659,a2291,b441,a perfect world,1993,Clint Eastwood,Kevin Costner Clint Eastwood Laura Dern T.J. Lowther,138,unforgiven,1992,Clint Eastwood,Clint Eastwood Gene Hackman Morgan Freeman,131,0
54609,a1651,b2422,my cousin vinny,1992,Jonathan Lynn,Joe Pesci Marisa Tomei Ralph Macchio Mitchell Whitfield,120,my cousin vinny,1992,Jonathan Lynn,Joe Pesci Marisa Tomei,120,1
39098,a346,b1704,the chronicles of narnia  the lion  the witch and the wardrobe,2005,Andrew Adamson,Tilda Swinton Georgie Henley William Moseley Skandar Keynes,143,the chronicles of narnia  the lion  the witch and the wardrobe,2005,Andrew Adamson,Anna Popplewell Georgie Henley Skandar Keynes Tilda Swinton William Moseley,143,1
18544,a1820,b823,driving miss daisy,1989,Bruce Beresford,Morgan Freeman Jessica Tandy Dan Aykroyd Patti LuPone,99,driving miss daisy,1989,Bruce Beresford,Dan Aykroyd Jessica Tandy Morgan Freeman,99,1
28521,a11,b1274,the dark knight rises,2012,Christopher Nolan,Christian Bale Tom Hardy Anne Hathaway Gary Oldman,164,the dark knight rises,2012,Christopher Nolan,Anne Hathaway Christian Bale Gary Oldman Joseph Gordon-Levitt Marion Cotillard Michael Caine Morgan Freeman Tom Hardy,165,1
12197,a1154,b536,in the name of the father,1993,Jim Sheridan,Daniel Day-Lewis Pete Postlethwaite Alison Crosbie Philip King,133,in the name of the father,1993,Jim Sheridan,Daniel Day-Lewis,133,1
18123,a1591,b806,epic movie,2007,Jason Friedberg Aaron Seltzer,Kal Penn Jennifer Coolidge Fred Willard Adam Campbell,86,juno,2007,Jason Reitman,Ellen Page Jennifer Garner Michael Cera,96,0
56400,a2850,b2484,a river runs through it,1992,Robert Redford,Craig Sheffer Brad Pitt Tom Skerritt Brenda Blethyn,123,a river runs through it,1992,Robert Redford,Brad Pitt Craig Sheffer,123,1
12540,a620,b547,snowpiercer,2013,Joon-ho Bong,Chris Evans Jamie Bell Tilda Swinton Ed Harris,126,snowpiercer,2014,Joon-ho Bong,Chris Evans Ed Harris Jamie Bell Tilda Swinton,126,1
31230,a2126,b1385,paddington,2014,Paul King,Hugh Bonneville Sally Hawkins Julie Walters Jim Broadbent,95,paddington,2015,Paul King,Hugh Bonneville Jim Broadbent Julie Walters Nicole Kidman Sally Hawkins,95,1
12031,a1747,b517,lagaan  once upon a time in india,2001,Ashutosh Gowariker,Aamir Khan Raghuvir Yadav Gracy Singh Rachel Shelley,224,lagaan  once upon a time in india,2002,Ashutosh Gowariker,,224,1
46146,a2570,b2052,enter the void,2009,Gaspar Noé,Nathaniel Brown Paz de la Huerta Cyril Roy Olly Alexander,161,enter the void,2010,Gaspar Noé,Cyril Roy Nathaniel Brown Olly Alexander Paz de la Huerta,161,1
58834,a1367,b2605,good morning  vietnam,1987,Barry Levinson,Robin Williams Forest Whitaker Tung Thanh Tran Chintara Sukapatana,121,good morning  vietnam,1988,Barry Levinson,Bruno Kirby Chintara Sukapatana Forest Whitaker J.T. Walsh Juney Smith Noble Willingham Richard Edson Robert Wuhl Robin Williams Tung Thanh Tran,121,1
35940,a263,b1572,the wolverine,2013,James Mangold,Hugh Jackman Will Yun Lee Tao Okamoto Rila Fukushima,126,guardians of the galaxy,2014,James Gunn,Bradley Cooper Chris Pratt Dave Bautista Lee Pace Vin Diesel Zoe Saldana,121,0
14079,a2648,b617,bullitt,1968,Peter Yates,Steve McQueen Jacqueline Bisset Robert Vaughn Don Gordon,114,bullitt,1968,Peter Yates,Carl Reindel Don Gordon Georg Stanford Brown Jacqueline Bisset Justin Tarr Norman Fell Robert Duvall Robert Vaughn Simon Oakland Steve McQueen,114,1
20108,a1242,b901,the master,2012,Paul Thomas Anderson,Philip Seymour Hoffman Joaquin Phoenix Amy Adams Jesse Plemons,138,inherent vice,2014,Paul Thomas Anderson,Benicio Del Toro Jena Malone Joaquin Phoenix Josh Brolin Katherine Waterston Martin Short Maya Rudolph Owen Wilson Reese Witherspoon,0,0
45491,a1454,b2028,what we do in the shadows,2014,Jemaine Clement Taika Waititi,Jemaine Clement Taika Waititi Cori Gonzalez-Macuer Jonny Brugh,86,boy,2012,Taika Waititi,Cherilee Martin Haze Reweti James Rolleston Moerangi Tihore RickyLee Waipuka-Russell Taika Waititi,87,0
19041,a445,b861,the big short,2015,Adam McKay,Christian Bale Steve Carell Ryan Gosling Brad Pitt,130,the big short,2015,Adam McKay,Brad Pitt Christian Bale Hamish Linklater John Magaro Melissa Leo Rafe Spall Ryan Gosling Steve Carell,130,1
13194,a124,b582,trainspotting,1996,Danny Boyle,Ewan McGregor Ewen Bremner Jonny Lee Miller Kevin McKidd,94,trainspotting,1996,Danny Boyle,Ewan McGregor Ewen Bremner Jonny Lee Miller Kevin McKidd Robert Carlyle,94,1
35893,a165,b1571,heat,1995,Michael Mann,Al Pacino Robert De Niro Val Kilmer Jon Voight,170,heat,1995,Michael Mann,Al Pacino Jon Voight Robert De Niro Val Kilmer,170,1
30025,a290,b1319,zodiac,2007,David Fincher,Jake Gyllenhaal Robert Downey Jr. Mark Ruffalo Anthony Edwards,157,zodiac,2007,David Fincher,Jake Gyllenhaal Mark Ruffalo Robert Downey Jr.,157,1
55600,a501,b2443,eyes wide shut,1999,Stanley Kubrick,Tom Cruise Nicole Kidman Todd Field Sydney Pollack,159,eyes wide shut,1999,Stanley Kubrick,Nicole Kidman Tom Cruise,159,1
52293,a2797,b2305,the world s fastest indian,2005,Roger Donaldson,Anthony Hopkins Diane Ladd Iain Rea Tessa Mitchell,127,the world s fastest indian,2005,Roger Donaldson,Anthony Hopkins,127,1
45819,a1710,b2044,movie 43,2013,Elizabeth Banks Steven Brill Steve Carr Rusty Cundieff James Duffy Griffin Dunne Peter Farrelly Patrik Forsberg Will Graham James Gunn Brett Ratner Jonathan van Tulleken Bob Odenkirk,Emma Stone Stephen Merchant Richard Gere Liev Schreiber,94,brave,2012,Brenda Chapman Mark Andrews Steve Purcell,Billy Connolly Craig Ferguson Emma Thompson Julie Walters Kelly Macdonald Kevin McKidd Robbie Coltrane,93,0
26452,a2229,b1185,sing street,2016,John Carney,Ferdia Walsh-Peelo Aidan Gillen Maria Doyle Kennedy Jack Reynor,106,sing street,2016,John Carney,Aidan Gillen Ben Carolan Ferdia Walsh-Peelo Jack Reynor Kelly Thornton Lucy Boynton Maria Doyle Kennedy,106,1
13860,a97,b607,spider man,2002,Sam Raimi,Tobey Maguire Kirsten Dunst Willem Dafoe James Franco,121,spider man 2,2004,Sam Raimi,Alfred Molina Kirsten Dunst Tobey Maguire,127,0
2830,a2864,b99,the triplets of belleville,2003,Sylvain Chomet,Michèle Caucheteux Jean-Claude Donda Michel Robin Monica Viegas,78,the triplets of belleville,2003,Sylvain Chomet,Jean-Claude Donda Michel Robin Michèle Caucheteux Monica Viegas,78,1
